<?xml version="1.0" encoding="UTF-8" standalone="yes"?>
<KeywordLibrary xmlns="http://www.borland.com/silk/KeywordLibrary" kind="Silk4J" name="silk4j.keyword.demo">
    <MetaInfo key="osType">desktop</MetaInfo>
    <Keyword implemented="true" isBaseState="true" name="Start application">
        <Description>execute application</Description>
    </Keyword>
    <Keyword implemented="true" isBaseState="false" name="200 Book Flight">
        <Argument name="FlyFrom" out="false"/>
        <Argument name="FlyTo" out="false"/>
        <Argument name="ClassOfService" out="false"/>
        <Argument name="Tickets" out="false"/>
        <Argument name="PassengerName" out="false"/>
        <Argument name="SelectedRow" out="false"/>
        <Argument name="OrderDate" out="false"/>
        <Argument name="OrderNumberOut" out="true"/>
        <Argument name="PassengerNameOut" out="true"/>
        <Argument name="OrderDateOut" out="true"/>
        <Description>book a flight - from, to, class, no. tickets, passenger name, flight date</Description>
    </Keyword>
    <Keyword implemented="true" isBaseState="false" name="300 Change Order">
        <Argument name="Tickets" out="false"/>
        <Argument name="ClassOfService" out="false"/>
        <Argument name="PassengerName" out="false"/>
        <Argument name="UpdatedOrderNum" out="true"/>
        <Description>change order - no. tickets, class, passenger name, out: updated flight no.</Description>
    </Keyword>
    <Keyword implemented="true" isBaseState="false" name="400 Delete Order Num">
        <Argument name="OrderNumber" out="false"/>
        <Argument name="PassengerName" out="false"/>
        <Argument name="OrderDate" out="false"/>
        <Description>delete flight order - no. flight order, passenger name, flight date</Description>
    </Keyword>
    <Keyword implemented="true" isBaseState="false" name="500 Search Order">
        <Argument name="OrderNumber" out="false"/>
        <Argument name="PassengerName" out="false"/>
        <Argument name="OrderDate" out="false"/>
        <Description>search order - no. flight order, passenger name, flight date</Description>
    </Keyword>
    <Keyword implemented="true" isBaseState="false" name="600 Trash can Order">
        <Argument name="OrderDeleteNumber" out="true"/>
        <Description>trash order - out: no. flight order</Description>
    </Keyword>
    <Keyword implemented="true" isBaseState="false" name="Close Application">
        <Description>close application</Description>
    </Keyword>
    <Keyword implemented="true" isBaseState="false" name="100 Login">
        <Argument name="Username" out="false"/>
        <Argument name="Password" out="false"/>
        <Description>Login with username + password</Description>
    </Keyword>
    <Keyword implemented="true" isBaseState="false" name="700 Logout">
        <Description>logout</Description>
    </Keyword>
    <Keyword name="BookOrder_SearchOrder_ChangeOrder">
        <Description>Book + Search + Change Order</Description>
    </Keyword>
    <Keyword name="BookOrder_DeleteOrder">
        <Description>Book + Delete Order</Description>
    </Keyword>
    <Keyword name="SearchOrder_ChangeOrder">
        <Description>Search + Change Order</Description>
    </Keyword>
    <Test path="Test_Login_Book_Delete_Logout"/>
    <Test path="Test_Login_Book_Search_Change_Logout"/>
    <Test path="Test_Login_Search_Change_Logout"/>
    <Test path="Test_Login_Search_Trash_Logout"/>
</KeywordLibrary>
